-- Insert products
INSERT INTO products (id, name, category, price, old_price, unit, rating, review_count, badge, description) VALUES
  ('11111111-1111-1111-1111-111111111101', 'Томаты на ветке', 'vegetables', 189, 249, 'кг', 4.8, 212, 'sale', 'Свежие томаты на ветке, выращенные в теплице'),
  ('11111111-1111-1111-1111-111111111102', 'Брокколи свежая', 'vegetables', 159, NULL, 'шт', 4.6, 87, 'new', 'Свежая брокколи, богатая витаминами'),
  ('11111111-1111-1111-1111-111111111103', 'Молоко 3.2%', 'dairy', 89, 109, 'л', 4.9, 543, 'hot', 'Молоко пастеризованное 3.2% жирности'),
  ('11111111-1111-1111-1111-111111111104', 'Куриное филе', 'meat', 329, NULL, 'кг', 4.7, 324, NULL, 'Охлажденное куриное филе'),
  ('11111111-1111-1111-1111-111111111105', 'Хлеб белый', 'bakery', 49, NULL, 'шт', 4.5, 156, 'new', 'Свежий белый хлеб'),
  ('11111111-1111-1111-1111-111111111106', 'Яблоки Гала', 'fruits', 129, NULL, 'кг', 4.7, 198, NULL, 'Сладкие яблоки сорта Гала'),
  ('11111111-1111-1111-1111-111111111107', 'Лосось филе', 'fish', 899, 1099, 'кг', 4.9, 267, 'sale', 'Филе лосося свежемороженое'),
  ('11111111-1111-1111-1111-111111111108', 'Сыр Российский', 'dairy', 449, NULL, 'кг', 4.6, 312, NULL, 'Сыр Российский 50% жирности'),
  ('11111111-1111-1111-1111-111111111109', 'Яйца С0 10шт', 'dairy', 119, NULL, 'уп', 4.8, 456, 'hot', 'Яйца куриные категории С0'),
  ('11111111-1111-1111-1111-111111111110', 'Сок апельсиновый', 'drinks', 159, NULL, 'л', 4.5, 178, NULL, 'Апельсиновый сок прямого отжима'),
  ('11111111-1111-1111-1111-111111111111', 'Крем для лица', 'skincare', 599, 799, 'шт', 4.8, 342, 'sale', 'Увлажняющий крем для лица'),
  ('11111111-1111-1111-1111-111111111112', 'Шампунь для волос', 'haircare', 349, NULL, 'шт', 4.6, 256, NULL, 'Шампунь для всех типов волос'),
  ('11111111-1111-1111-1111-111111111113', 'Стиральный порошок 3кг', 'laundry', 449, 549, 'шт', 4.7, 567, 'sale', 'Универсальный стиральный порошок'),
  ('11111111-1111-1111-1111-111111111114', 'Средство для посуды', 'dishes', 129, NULL, 'шт', 4.6, 456, NULL, 'Средство для мытья посуды с ароматом лимона'),
  ('11111111-1111-1111-1111-111111111115', 'Авокадо', 'fruits', 199, NULL, 'шт', 4.7, 234, NULL, 'Спелое авокадо');

-- Insert recipes
INSERT INTO recipes (id, name, time_minutes, calories, servings, description, category, difficulty, protein, fat, carbs) VALUES
  ('22222222-2222-2222-2222-222222222201', 'Паста с томатами и базиликом', 25, 420, 2, 'Классическая итальянская паста с томатами и свежим базиликом', 'main', 'easy', 12, 15, 65),
  ('22222222-2222-2222-2222-222222222202', 'Салат с авокадо', 15, 280, 2, 'Легкий и полезный салат с авокадо и овощами', 'salad', 'easy', 5, 22, 18),
  ('22222222-2222-2222-2222-222222222203', 'Борщ классический', 120, 350, 6, 'Традиционный украинский борщ с говядиной', 'soup', 'medium', 20, 12, 35),
  ('22222222-2222-2222-2222-222222222204', 'Куриные котлеты', 40, 250, 4, 'Сочные домашние котлеты из куриного филе', 'main', 'easy', 28, 14, 8),
  ('22222222-2222-2222-2222-222222222205', 'Смузи с бананом', 5, 180, 1, 'Питательный смузи с бананом и медом', 'drink', 'easy', 4, 2, 38),
  ('22222222-2222-2222-2222-222222222206', 'Греческий салат', 10, 220, 2, 'Освежающий салат с фетой и маслинами', 'salad', 'easy', 8, 18, 10);

-- Insert recipe ingredients
INSERT INTO recipe_ingredients (recipe_id, name, amount) VALUES
  ('22222222-2222-2222-2222-222222222201', 'Спагетти', '200 г'),
  ('22222222-2222-2222-2222-222222222201', 'Томаты', '3 шт'),
  ('22222222-2222-2222-2222-222222222201', 'Базилик', '1 пучок'),
  ('22222222-2222-2222-2222-222222222201', 'Чеснок', '2 зубчика'),
  ('22222222-2222-2222-2222-222222222201', 'Оливковое масло', '2 ст.л.'),
  ('22222222-2222-2222-2222-222222222202', 'Авокадо', '1 шт'),
  ('22222222-2222-2222-2222-222222222202', 'Томаты черри', '150 г'),
  ('22222222-2222-2222-2222-222222222202', 'Микс салатов', '100 г'),
  ('22222222-2222-2222-2222-222222222202', 'Лимон', '1/2 шт'),
  ('22222222-2222-2222-2222-222222222203', 'Говядина', '500 г'),
  ('22222222-2222-2222-2222-222222222203', 'Свёкла', '2 шт'),
  ('22222222-2222-2222-2222-222222222203', 'Капуста', '300 г'),
  ('22222222-2222-2222-2222-222222222203', 'Картофель', '3 шт'),
  ('22222222-2222-2222-2222-222222222204', 'Куриный фарш', '500 г'),
  ('22222222-2222-2222-2222-222222222204', 'Лук', '1 шт'),
  ('22222222-2222-2222-2222-222222222204', 'Яйцо', '1 шт'),
  ('22222222-2222-2222-2222-222222222205', 'Банан', '1 шт'),
  ('22222222-2222-2222-2222-222222222205', 'Молоко', '200 мл'),
  ('22222222-2222-2222-2222-222222222205', 'Мёд', '1 ст.л.'),
  ('22222222-2222-2222-2222-222222222206', 'Огурцы', '2 шт'),
  ('22222222-2222-2222-2222-222222222206', 'Томаты', '2 шт'),
  ('22222222-2222-2222-2222-222222222206', 'Фета', '150 г'),
  ('22222222-2222-2222-2222-222222222206', 'Маслины', '50 г');

-- Insert meal plans
INSERT INTO meal_plans (id, name, description, days, meals_per_day, calories_per_day, price, price_per_day, discount, rating, reviews, is_popular, tags) VALUES
  ('33333333-3333-3333-3333-333333333301', 'Похудение', 'Сбалансированный рацион для снижения веса', 7, 5, 1500, 5990, 856, 20, 4.8, 234, true, ARRAY['low-calorie', 'balanced']),
  ('33333333-3333-3333-3333-333333333302', 'Набор массы', 'Высокобелковое питание для спортсменов', 7, 6, 3000, 7990, 1141, 15, 4.7, 156, true, ARRAY['high-protein', 'sport']),
  ('33333333-3333-3333-3333-333333333303', 'Детокс', 'Очищающий рацион на растительной основе', 5, 4, 1200, 3990, 798, NULL, 4.6, 89, false, ARRAY['vegan', 'detox']),
  ('33333333-3333-3333-3333-333333333304', 'Семейный', 'Полноценное питание для всей семьи', 7, 3, 2000, 9990, 1427, 10, 4.9, 312, true, ARRAY['family', 'balanced']);